{"initial_reset_timestamp": 1490588945.8136845, "episode_lengths": [519], "episode_rewards": [90.0], "timestamps": [1490588948.254051], "episode_types": ["t"]}