{"episode_types": ["t"], "episode_lengths": [945], "initial_reset_timestamp": 1490834760.8699617, "episode_rewards": [220.0], "timestamps": [1490834764.5663333]}