{"episode_types": ["t"], "episode_lengths": [236], "initial_reset_timestamp": 1490315770.2762837, "timestamps": [1490315774.204739], "episode_rewards": [1.0]}