{"episode_types": ["t"], "episode_lengths": [745], "initial_reset_timestamp": 1490834764.5871134, "episode_rewards": [180.0], "timestamps": [1490834767.5298736]}