{"episode_types": ["t"], "episode_lengths": [1004], "initial_reset_timestamp": 1490834755.1113482, "episode_rewards": [275.0], "timestamps": [1490834759.0819933]}