{"episode_types": ["t"], "initial_reset_timestamp": 1490574952.5205786, "episode_rewards": [0.0], "timestamps": [1490574953.4517326], "episode_lengths": [197]}