{"episode_types": ["t"], "episode_lengths": [445], "initial_reset_timestamp": 1490834759.104303, "episode_rewards": [70.0], "timestamps": [1490834760.8503013]}