{"initial_reset_timestamp": 1490588951.4314911, "episode_lengths": [705], "episode_rewards": [170.0], "timestamps": [1490588954.7467823], "episode_types": ["t"]}