{"initial_reset_timestamp": 1490588954.7735093, "episode_lengths": [800], "episode_rewards": [220.0], "timestamps": [1490588958.5059483], "episode_types": ["t"]}