{"episode_lengths": [776], "episode_types": ["t"], "episode_rewards": [245.0], "initial_reset_timestamp": 1490324637.358767, "timestamps": [1490324641.375762]}