{"episode_types": ["t"], "initial_reset_timestamp": 1490574953.4690437, "episode_rewards": [1.0], "timestamps": [1490574954.532512], "episode_lengths": [237]}