{"episode_lengths": [977], "episode_types": ["t"], "episode_rewards": [230.0], "initial_reset_timestamp": 1490324628.0020726, "timestamps": [1490324633.078756]}