{"episode_lengths": [815], "episode_types": ["t"], "episode_rewards": [140.0], "initial_reset_timestamp": 1490324633.1151125, "timestamps": [1490324637.3361225]}