{"initial_reset_timestamp": 1490588948.2794604, "episode_lengths": [651], "episode_rewards": [140.0], "timestamps": [1490588951.4053178], "episode_types": ["t"]}